{
    "interactionModel": {
        "languageModel": {
            "invocationName": "my life",
            "intents": [
                {
                    "name": "AMAZON.CancelIntent",
                    "samples": []
                },
                {
                    "name": "AMAZON.HelpIntent",
                    "samples": []
                },
                {
                    "name": "AMAZON.StopIntent",
                    "samples": []
                },
                {
                    "name": "InteractionIntent",
                    "slots": [
                        {
                            "name": "RandomWordSlot",
                            "type": "RandomWordSlot_Type"
                        }
                    ],
                    "samples": [
                        "yep",
                        "yes",
                        "okay",
                        "yeah",
                        "alright",
                        "{RandomWordSlot}"
                    ]
                },
                {
                    "name": "SetupIntent",
                    "slots": [
                        {
                            "name": "NumberSlot",
                            "type": "AMAZON.NUMBER"
                        }
                    ],
                    "samples": [
                        "setup",
                        "can figure",
                        "set up {NumberSlot}",
                        "con figure",
                        "configure",
                        "setup now"
                    ]
                },
                {
                    "name": "ActivateIntent",
                    "slots": [
                        {
                            "name": "RandomWordSlot",
                            "type": "RandomWordSlot_Type"
                        }
                    ],
                    "samples": [
                        "activate {RandomWordSlot}"
                    ]
                }
            ],
            "types": [
                {
                    "name": "RandomWordSlot_Type",
                    "values": [
                        {
                            "name": {
                                "value": "zebra grass hay roots barely dirt mud ocean water ocean sea fall"
                            }
                        },
                        {
                            "name": {
                                "value": "zoo kitten ape beast"
                            }
                        },
                        {
                            "name": {
                                "value": "pices zebra aligator"
                            }
                        },
                        {
                            "name": {
                                "value": "gemini taurus "
                            }
                        },
                        {
                            "name": {
                                "value": "foot"
                            }
                        },
                        {
                            "name": {
                                "value": "knee"
                            }
                        },
                        {
                            "name": {
                                "value": "hip"
                            }
                        }
                    ]
                },
                {
                    "name": "UserFirstNameSlot_Type",
                    "values": [
                        {
                            "name": {
                                "value": "one two three"
                            }
                        },
                        {
                            "name": {
                                "value": "pizza sauce"
                            }
                        },
                        {
                            "name": {
                                "value": "joe"
                            }
                        },
                        {
                            "name": {
                                "value": "sally"
                            }
                        }
                    ]
                }
            ]
        },
        "dialog": {
            "intents": [
                {
                    "name": "SetupIntent",
                    "confirmationRequired": false,
                    "prompts": {},
                    "slots": [
                        {
                            "name": "NumberSlot",
                            "type": "AMAZON.NUMBER",
                            "confirmationRequired": false,
                            "elicitationRequired": true,
                            "prompts": {
                                "elicitation": "Elicit.Slot.966635987374.355964814756"
                            }
                        }
                    ]
                }
            ]
        },
        "prompts": [
            {
                "id": "Elicit.Slot.966635987374.355964814756",
                "variations": [
                    {
                        "type": "PlainText",
                        "value": "Need your tempor ID"
                    }
                ]
            }
        ]
    }
}
