{
    "interactionModel": {
        "languageModel": {
            "invocationName": "my life",
            "intents": [
                {
                    "name": "AMAZON.CancelIntent",
                    "samples": []
                },
                {
                    "name": "AMAZON.HelpIntent",
                    "samples": []
                },
                {
                    "name": "AMAZON.StopIntent",
                    "samples": []
                },
                {
                    "name": "InteractionIntent",
                    "slots": [
                        {
                            "name": "RandomWordSlot",
                            "type": "WordSlot_Type"
                        }
                    ],
                    "samples": [
                        "yep",
                        "yes",
                        "okay",
                        "yeah",
                        "alright",
                        "pizza {RandomWordSlot}"
                    ]
                },
                {
                    "name": "SetupIntent",
                    "slots": [
                        {
                            "name": "NumberSlot",
                            "type": "AMAZON.NUMBER"
                        }
                    ],
                    "samples": [
                        "setup",
                        "can figure",
                        "set up {NumberSlot}",
                        "con figure",
                        "configure",
                        "setup now"
                    ]
                },
                {
                    "name": "ActivateIntent",
                    "slots": [
                        {
                            "name": "RandomWordSlot",
                            "type": "WordSlot_Type"
                        }
                    ],
                    "samples": [
                        "activate {RandomWordSlot}"
                    ]
                },
                {
                    "name": "TestIntent",
                    "slots": [
                        {
                            "name": "WordSlot",
                            "type": "WordSlot_Type"
                        }
                    ],
                    "samples": [
                        "test this {WordSlot}"
                    ]
                }
            ],
            "types": [
                {
                    "name": "RandomWordSlot_Type",
                    "values": [
                        {
                            "name": {
                                "value": "five seven six eight"
                            }
                        },
                        {
                            "name": {
                                "value": "nine ten twelve sixteen"
                            }
                        },
                        {
                            "name": {
                                "value": "thirteen five eleven twenty"
                            }
                        },
                        {
                            "name": {
                                "value": "5 6 7 8"
                            }
                        },
                        {
                            "name": {
                                "value": "apple pizza plumb sauce"
                            }
                        },
                        {
                            "name": {
                                "value": "apple pizza plumb"
                            }
                        },
                        {
                            "name": {
                                "value": "apple pizza"
                            }
                        },
                        {
                            "name": {
                                "value": "foot"
                            }
                        },
                        {
                            "name": {
                                "value": "knee"
                            }
                        },
                        {
                            "name": {
                                "value": "hip"
                            }
                        }
                    ]
                },
                {
                    "name": "WordSlot_Type",
                    "values": [
                        {
                            "name": {
                                "value": "the show could have used better dialog and I think the characters were marginal at best"
                            }
                        },
                        {
                            "name": {
                                "value": "moderate"
                            }
                        },
                        {
                            "name": {
                                "value": "extreme"
                            }
                        },
                        {
                            "name": {
                                "value": "mild"
                            }
                        },
                        {
                            "name": {
                                "value": "worse"
                            }
                        },
                        {
                            "name": {
                                "value": "better"
                            }
                        },
                        {
                            "name": {
                                "value": "same"
                            }
                        },
                        {
                            "name": {
                                "value": "the weather is terrible"
                            }
                        },
                        {
                            "name": {
                                "value": "the food is terrible"
                            }
                        },
                        {
                            "name": {
                                "value": "i feel great"
                            }
                        },
                        {
                            "name": {
                                "value": "i feel good"
                            }
                        },
                        {
                            "name": {
                                "value": "i feel fine"
                            }
                        },
                        {
                            "name": {
                                "value": "i took my medicine"
                            }
                        },
                        {
                            "name": {
                                "value": "i took my pills"
                            }
                        },
                        {
                            "name": {
                                "value": "i wont forget"
                            }
                        },
                        {
                            "name": {
                                "value": "i will"
                            }
                        },
                        {
                            "name": {
                                "value": "it was so good to see you"
                            }
                        },
                        {
                            "name": {
                                "value": "you looked great"
                            }
                        },
                        {
                            "name": {
                                "value": "i miss you"
                            }
                        },
                        {
                            "name": {
                                "value": "i love you"
                            }
                        },
                        {
                            "name": {
                                "value": "it was great seeing you"
                            }
                        },
                        {
                            "name": {
                                "value": "thank you for lunch"
                            }
                        },
                        {
                            "name": {
                                "value": "good luck"
                            }
                        },
                        {
                            "name": {
                                "value": "happy birthday"
                            }
                        },
                        {
                            "name": {
                                "value": "thank you for reminding me"
                            }
                        },
                        {
                            "name": {
                                "value": "i left it in the car"
                            }
                        },
                        {
                            "name": {
                                "value": "call me today"
                            }
                        },
                        {
                            "name": {
                                "value": "call me tomorrow"
                            }
                        },
                        {
                            "name": {
                                "value": "call me when you can"
                            }
                        },
                        {
                            "name": {
                                "value": "call me"
                            }
                        },
                        {
                            "name": {
                                "value": "no"
                            }
                        },
                        {
                            "name": {
                                "value": "yes"
                            }
                        },
                        {
                            "name": {
                                "value": "tomorrow the weather wont be good so stay inside"
                            }
                        },
                        {
                            "name": {
                                "value": "they played a fantastic game today"
                            }
                        },
                        {
                            "name": {
                                "value": "the beach is fun"
                            }
                        },
                        {
                            "name": {
                                "value": "thanx"
                            }
                        },
                        {
                            "name": {
                                "value": "thank you"
                            }
                        },
                        {
                            "name": {
                                "value": "good"
                            }
                        }
                    ]
                }
            ]
        },
        "dialog": {
            "intents": [
                {
                    "name": "SetupIntent",
                    "confirmationRequired": false,
                    "prompts": {},
                    "slots": [
                        {
                            "name": "NumberSlot",
                            "type": "AMAZON.NUMBER",
                            "confirmationRequired": false,
                            "elicitationRequired": true,
                            "prompts": {
                                "elicitation": "Elicit.Slot.966635987374.355964814756"
                            }
                        }
                    ]
                },
                {
                    "name": "InteractionIntent",
                    "confirmationRequired": false,
                    "prompts": {},
                    "slots": [
                        {
                            "name": "RandomWordSlot",
                            "type": "WordSlot_Type",
                            "confirmationRequired": false,
                            "elicitationRequired": false,
                            "prompts": {}
                        }
                    ]
                },
                {
                    "name": "TestIntent",
                    "confirmationRequired": false,
                    "prompts": {},
                    "slots": [
                        {
                            "name": "WordSlot",
                            "type": "WordSlot_Type",
                            "confirmationRequired": false,
                            "elicitationRequired": true,
                            "prompts": {
                                "elicitation": "Elicit.Slot.926245943953.578278679261"
                            }
                        }
                    ]
                }
            ]
        },
        "prompts": [
            {
                "id": "Elicit.Slot.966635987374.355964814756",
                "variations": [
                    {
                        "type": "PlainText",
                        "value": "Need your tempor ID"
                    }
                ]
            },
            {
                "id": "Elicit.Slot.549465285120.1027538104764",
                "variations": [
                    {
                        "type": "PlainText",
                        "value": "what is your word"
                    }
                ]
            },
            {
                "id": "Elicit.Slot.926245943953.578278679261",
                "variations": [
                    {
                        "type": "PlainText",
                        "value": "your word is?"
                    }
                ]
            }
        ]
    }
}
